description,stipend,fee_required,official_email,label
No interview required. High stipend guaranteed for Digital Marketing internship.,56280,1,0,1
Congratulations! You are selected for Web Development internship. Pay fees to start.,51853,1,0,1
"Cyber Security internship opportunity with structured training, mentorship, and real-world projects.",8003,0,1,0
We provide a certified Web Development internship with guidance from industry professionals.,5158,0,1,0
This Data Science internship is open for undergraduate students and does not require any payment.,9892,0,1,0
No interview required. High stipend guaranteed for Cyber Security internship.,35624,1,0,1
Urgent Python internship offer. Pay registration fee to confirm your slot.,50393,1,0,1
This Blockchain internship is open for undergraduate students and does not require any payment.,10093,0,1,0
Join our Digital Marketing internship program with flexible timings and official company communication.,11533,0,1,0
This Artificial Intelligence internship is open for undergraduate students and does not require any payment.,13972,0,1,0
No interview required. High stipend guaranteed for Cloud Computing internship.,41006,1,0,1
Urgent Cyber Security internship offer. Pay registration fee to confirm your slot.,41440,1,0,1
Limited seats available. Send money immediately to join Data Science internship.,43399,1,0,1
This Artificial Intelligence internship is open for undergraduate students and does not require any payment.,8651,0,1,0
This Artificial Intelligence internship is open for undergraduate students and does not require any payment.,6077,0,1,0
This Java internship is open for undergraduate students and does not require any payment.,12206,0,1,0
We are offering a Cloud Computing internship for students with basic knowledge of Cloud Computing. No registration fee is required.,10950,0,1,0
Congratulations! You are selected for Machine Learning internship. Pay fees to start.,29175,1,0,1
We are offering a Data Science internship for students with basic knowledge of Data Science. No registration fee is required.,8712,0,1,0
Congratulations! You are selected for Blockchain internship. Pay fees to start.,49804,1,0,1
Limited seats available. Send money immediately to join Digital Marketing internship.,40127,1,0,1
We are offering a Machine Learning internship for students with basic knowledge of Machine Learning. No registration fee is required.,10267,0,1,0
This Cloud Computing internship is open for undergraduate students and does not require any payment.,14274,0,1,0
Join our Artificial Intelligence internship program with flexible timings and official company communication.,6060,0,1,0
No interview required. High stipend guaranteed for Web Development internship.,35113,1,0,1
Limited seats available. Send money immediately to join Data Science internship.,42476,1,0,1
No interview required. High stipend guaranteed for Java internship.,57015,1,0,1
"Web Development internship opportunity with structured training, mentorship, and real-world projects.",14646,0,1,0
Congratulations! You are selected for Machine Learning internship. Pay fees to start.,33489,1,0,1
No interview required. High stipend guaranteed for Blockchain internship.,26198,1,0,1
We are offering a Web Development internship for students with basic knowledge of Web Development. No registration fee is required.,5704,0,1,0
No interview required. High stipend guaranteed for Cyber Security internship.,42795,1,0,1
This Digital Marketing internship is open for undergraduate students and does not require any payment.,7602,0,1,0
We provide a certified Cloud Computing internship with guidance from industry professionals.,7556,0,1,0
Congratulations! You are selected for Java internship. Pay fees to start.,41253,1,0,1
Limited seats available. Send money immediately to join Machine Learning internship.,50229,1,0,1
Join our Cloud Computing internship program with flexible timings and official company communication.,6880,0,1,0
Join our Java internship program with flexible timings and official company communication.,8198,0,1,0
This Digital Marketing internship is open for undergraduate students and does not require any payment.,11205,0,1,0
Congratulations! You are selected for Machine Learning internship. Pay fees to start.,54082,1,0,1
No interview required. High stipend guaranteed for Cloud Computing internship.,31511,1,0,1
Earn high income through our Machine Learning internship. Quick joining after payment.,40102,1,0,1
Congratulations! You are selected for Digital Marketing internship. Pay fees to start.,34134,1,0,1
Limited seats available. Send money immediately to join Machine Learning internship.,54129,1,0,1
Limited seats available. Send money immediately to join Machine Learning internship.,55346,1,0,1
This Digital Marketing internship is open for undergraduate students and does not require any payment.,10624,0,1,0
Earn high income through our Digital Marketing internship. Quick joining after payment.,34580,1,0,1
Urgent Digital Marketing internship offer. Pay registration fee to confirm your slot.,47402,1,0,1
"Artificial Intelligence internship opportunity with structured training, mentorship, and real-world projects.",12736,0,1,0
No interview required. High stipend guaranteed for Web Development internship.,35502,1,0,1
Join our Web Development internship program with flexible timings and official company communication.,5773,0,1,0
Earn high income through our Artificial Intelligence internship. Quick joining after payment.,44179,1,0,1
We provide a certified Blockchain internship with guidance from industry professionals.,14230,0,1,0
"Cyber Security internship opportunity with structured training, mentorship, and real-world projects.",5548,0,1,0
This Data Science internship is open for undergraduate students and does not require any payment.,14387,0,1,0
Urgent Python internship offer. Pay registration fee to confirm your slot.,58940,1,0,1
Earn high income through our Machine Learning internship. Quick joining after payment.,58346,1,0,1
Earn high income through our Digital Marketing internship. Quick joining after payment.,26548,1,0,1
This Web Development internship is open for undergraduate students and does not require any payment.,9517,0,1,0
Limited seats available. Send money immediately to join Web Development internship.,25172,1,0,1
"Cloud Computing internship opportunity with structured training, mentorship, and real-world projects.",5334,0,1,0
We are offering a Java internship for students with basic knowledge of Java. No registration fee is required.,10227,0,1,0
Join our Digital Marketing internship program with flexible timings and official company communication.,12781,0,1,0
We are offering a Web Development internship for students with basic knowledge of Web Development. No registration fee is required.,8747,0,1,0
We provide a certified Java internship with guidance from industry professionals.,14431,0,1,0
"Java internship opportunity with structured training, mentorship, and real-world projects.",14589,0,1,0
No interview required. High stipend guaranteed for Artificial Intelligence internship.,31031,1,0,1
Limited seats available. Send money immediately to join Digital Marketing internship.,28655,1,0,1
Limited seats available. Send money immediately to join Artificial Intelligence internship.,40876,1,0,1
Earn high income through our Artificial Intelligence internship. Quick joining after payment.,58857,1,0,1
Urgent Data Science internship offer. Pay registration fee to confirm your slot.,38733,1,0,1
We are offering a Data Science internship for students with basic knowledge of Data Science. No registration fee is required.,10518,0,1,0
Congratulations! You are selected for Web Development internship. Pay fees to start.,51499,1,0,1
"Java internship opportunity with structured training, mentorship, and real-world projects.",5249,0,1,0
Join our Cyber Security internship program with flexible timings and official company communication.,10104,0,1,0
"Cyber Security internship opportunity with structured training, mentorship, and real-world projects.",5371,0,1,0
Join our Web Development internship program with flexible timings and official company communication.,11536,0,1,0
Earn high income through our Artificial Intelligence internship. Quick joining after payment.,29097,1,0,1
Earn high income through our Web Development internship. Quick joining after payment.,45105,1,0,1
Join our Cyber Security internship program with flexible timings and official company communication.,14855,0,1,0
We are offering a Artificial Intelligence internship for students with basic knowledge of Artificial Intelligence. No registration fee is required.,10272,0,1,0
Congratulations! You are selected for Java internship. Pay fees to start.,38706,1,0,1
No interview required. High stipend guaranteed for Cyber Security internship.,38235,1,0,1
No interview required. High stipend guaranteed for Cyber Security internship.,36062,1,0,1
We are offering a Java internship for students with basic knowledge of Java. No registration fee is required.,12633,0,1,0
Limited seats available. Send money immediately to join Web Development internship.,29878,1,0,1
This Blockchain internship is open for undergraduate students and does not require any payment.,14220,0,1,0
Limited seats available. Send money immediately to join Python internship.,50001,1,0,1
No interview required. High stipend guaranteed for Cyber Security internship.,59413,1,0,1
Limited seats available. Send money immediately to join Python internship.,27134,1,0,1
"Machine Learning internship opportunity with structured training, mentorship, and real-world projects.",9643,0,1,0
No interview required. High stipend guaranteed for Artificial Intelligence internship.,54757,1,0,1
This Web Development internship is open for undergraduate students and does not require any payment.,10208,0,1,0
No interview required. High stipend guaranteed for Data Science internship.,51227,1,0,1
"Web Development internship opportunity with structured training, mentorship, and real-world projects.",6256,0,1,0
We are offering a Java internship for students with basic knowledge of Java. No registration fee is required.,13524,0,1,0
This Artificial Intelligence internship is open for undergraduate students and does not require any payment.,7512,0,1,0
No interview required. High stipend guaranteed for Blockchain internship.,57224,1,0,1
"Java internship opportunity with structured training, mentorship, and real-world projects.",7139,0,1,0
"Cyber Security internship opportunity with structured training, mentorship, and real-world projects.",12435,0,1,0
Earn high income through our Web Development internship. Quick joining after payment.,30673,1,0,1
This Web Development internship is open for undergraduate students and does not require any payment.,14580,0,1,0
Limited seats available. Send money immediately to join Web Development internship.,38623,1,0,1
"Digital Marketing internship opportunity with structured training, mentorship, and real-world projects.",12215,0,1,0
Urgent Blockchain internship offer. Pay registration fee to confirm your slot.,49179,1,0,1
Join our Cyber Security internship program with flexible timings and official company communication.,5127,0,1,0
"Python internship opportunity with structured training, mentorship, and real-world projects.",11260,0,1,0
Urgent Data Science internship offer. Pay registration fee to confirm your slot.,41104,1,0,1
Join our Data Science internship program with flexible timings and official company communication.,5992,0,1,0
Congratulations! You are selected for Cyber Security internship. Pay fees to start.,49353,1,0,1
Urgent Machine Learning internship offer. Pay registration fee to confirm your slot.,49791,1,0,1
Join our Cyber Security internship program with flexible timings and official company communication.,10698,0,1,0
This Machine Learning internship is open for undergraduate students and does not require any payment.,5608,0,1,0
We provide a certified Web Development internship with guidance from industry professionals.,7796,0,1,0
We provide a certified Java internship with guidance from industry professionals.,7896,0,1,0
Earn high income through our Machine Learning internship. Quick joining after payment.,27433,1,0,1
Join our Cloud Computing internship program with flexible timings and official company communication.,8893,0,1,0
Earn high income through our Digital Marketing internship. Quick joining after payment.,50821,1,0,1
Join our Blockchain internship program with flexible timings and official company communication.,12003,0,1,0
We are offering a Cyber Security internship for students with basic knowledge of Cyber Security. No registration fee is required.,6077,0,1,0
Urgent Digital Marketing internship offer. Pay registration fee to confirm your slot.,50780,1,0,1
We provide a certified Cyber Security internship with guidance from industry professionals.,6660,0,1,0
Urgent Digital Marketing internship offer. Pay registration fee to confirm your slot.,48671,1,0,1
Limited seats available. Send money immediately to join Python internship.,59313,1,0,1
Earn high income through our Web Development internship. Quick joining after payment.,26691,1,0,1
Congratulations! You are selected for Cloud Computing internship. Pay fees to start.,51094,1,0,1
We are offering a Python internship for students with basic knowledge of Python. No registration fee is required.,10256,0,1,0
No interview required. High stipend guaranteed for Blockchain internship.,25711,1,0,1
Join our Machine Learning internship program with flexible timings and official company communication.,5197,0,1,0
Congratulations! You are selected for Digital Marketing internship. Pay fees to start.,59956,1,0,1
Congratulations! You are selected for Machine Learning internship. Pay fees to start.,55619,1,0,1
Urgent Cloud Computing internship offer. Pay registration fee to confirm your slot.,35205,1,0,1
Earn high income through our Cloud Computing internship. Quick joining after payment.,32777,1,0,1
Limited seats available. Send money immediately to join Cloud Computing internship.,27290,1,0,1
No interview required. High stipend guaranteed for Web Development internship.,56056,1,0,1
No interview required. High stipend guaranteed for Digital Marketing internship.,47968,1,0,1
Limited seats available. Send money immediately to join Digital Marketing internship.,31143,1,0,1
Limited seats available. Send money immediately to join Python internship.,45662,1,0,1
Join our Digital Marketing internship program with flexible timings and official company communication.,6849,0,1,0
We are offering a Artificial Intelligence internship for students with basic knowledge of Artificial Intelligence. No registration fee is required.,14967,0,1,0
Limited seats available. Send money immediately to join Python internship.,40379,1,0,1
Congratulations! You are selected for Web Development internship. Pay fees to start.,36417,1,0,1
Urgent Python internship offer. Pay registration fee to confirm your slot.,42163,1,0,1
Earn high income through our Digital Marketing internship. Quick joining after payment.,42370,1,0,1
"Blockchain internship opportunity with structured training, mentorship, and real-world projects.",12143,0,1,0
No interview required. High stipend guaranteed for Cyber Security internship.,41594,1,0,1
Congratulations! You are selected for Data Science internship. Pay fees to start.,37479,1,0,1
"Artificial Intelligence internship opportunity with structured training, mentorship, and real-world projects.",9707,0,1,0
Congratulations! You are selected for Machine Learning internship. Pay fees to start.,35836,1,0,1
Join our Data Science internship program with flexible timings and official company communication.,9835,0,1,0
We are offering a Artificial Intelligence internship for students with basic knowledge of Artificial Intelligence. No registration fee is required.,8019,0,1,0
This Web Development internship is open for undergraduate students and does not require any payment.,14461,0,1,0
No interview required. High stipend guaranteed for Python internship.,42728,1,0,1
No interview required. High stipend guaranteed for Data Science internship.,25497,1,0,1
This Data Science internship is open for undergraduate students and does not require any payment.,13437,0,1,0
Urgent Machine Learning internship offer. Pay registration fee to confirm your slot.,48330,1,0,1
Congratulations! You are selected for Web Development internship. Pay fees to start.,57884,1,0,1
Congratulations! You are selected for Cloud Computing internship. Pay fees to start.,46605,1,0,1
We are offering a Digital Marketing internship for students with basic knowledge of Digital Marketing. No registration fee is required.,5507,0,1,0
Limited seats available. Send money immediately to join Cloud Computing internship.,44871,1,0,1
Join our Web Development internship program with flexible timings and official company communication.,9185,0,1,0
Limited seats available. Send money immediately to join Machine Learning internship.,47960,1,0,1
We are offering a Digital Marketing internship for students with basic knowledge of Digital Marketing. No registration fee is required.,14107,0,1,0
Join our Blockchain internship program with flexible timings and official company communication.,12490,0,1,0
We are offering a Web Development internship for students with basic knowledge of Web Development. No registration fee is required.,13356,0,1,0
Earn high income through our Web Development internship. Quick joining after payment.,58239,1,0,1
Limited seats available. Send money immediately to join Java internship.,41240,1,0,1
Congratulations! You are selected for Data Science internship. Pay fees to start.,41512,1,0,1
Urgent Python internship offer. Pay registration fee to confirm your slot.,52900,1,0,1
We are offering a Web Development internship for students with basic knowledge of Web Development. No registration fee is required.,7866,0,1,0
No interview required. High stipend guaranteed for Machine Learning internship.,25869,1,0,1
This Cyber Security internship is open for undergraduate students and does not require any payment.,11530,0,1,0
Urgent Data Science internship offer. Pay registration fee to confirm your slot.,59699,1,0,1
Join our Java internship program with flexible timings and official company communication.,9003,0,1,0
No interview required. High stipend guaranteed for Python internship.,26753,1,0,1
We are offering a Machine Learning internship for students with basic knowledge of Machine Learning. No registration fee is required.,13733,0,1,0
"Machine Learning internship opportunity with structured training, mentorship, and real-world projects.",9010,0,1,0
Congratulations! You are selected for Machine Learning internship. Pay fees to start.,40819,1,0,1
Join our Data Science internship program with flexible timings and official company communication.,12134,0,1,0
Earn high income through our Cloud Computing internship. Quick joining after payment.,31300,1,0,1
Join our Cloud Computing internship program with flexible timings and official company communication.,11147,0,1,0
This Web Development internship is open for undergraduate students and does not require any payment.,6112,0,1,0
No interview required. High stipend guaranteed for Cyber Security internship.,59730,1,0,1
Earn high income through our Cloud Computing internship. Quick joining after payment.,33842,1,0,1
Congratulations! You are selected for Digital Marketing internship. Pay fees to start.,52198,1,0,1
No interview required. High stipend guaranteed for Digital Marketing internship.,31814,1,0,1
Urgent Cyber Security internship offer. Pay registration fee to confirm your slot.,47719,1,0,1
Earn high income through our Digital Marketing internship. Quick joining after payment.,46153,1,0,1
No interview required. High stipend guaranteed for Web Development internship.,28707,1,0,1
No interview required. High stipend guaranteed for Artificial Intelligence internship.,36723,1,0,1
No interview required. High stipend guaranteed for Artificial Intelligence internship.,54813,1,0,1
We provide a certified Machine Learning internship with guidance from industry professionals.,14747,0,1,0
"Java internship opportunity with structured training, mentorship, and real-world projects.",14288,0,1,0
Congratulations! You are selected for Cyber Security internship. Pay fees to start.,56988,1,0,1
"Cloud Computing internship opportunity with structured training, mentorship, and real-world projects.",6972,0,1,0
Earn high income through our Data Science internship. Quick joining after payment.,37665,1,0,1
Urgent Web Development internship offer. Pay registration fee to confirm your slot.,37044,1,0,1
"Web Development internship opportunity with structured training, mentorship, and real-world projects.",6832,0,1,0
Join our Blockchain internship program with flexible timings and official company communication.,9181,0,1,0
Limited seats available. Send money immediately to join Data Science internship.,48886,1,0,1
We are offering a Python internship for students with basic knowledge of Python. No registration fee is required.,13009,0,1,0
This Digital Marketing internship is open for undergraduate students and does not require any payment.,8217,0,1,0
No interview required. High stipend guaranteed for Python internship.,48108,1,0,1
This Cyber Security internship is open for undergraduate students and does not require any payment.,10552,0,1,0
Urgent Blockchain internship offer. Pay registration fee to confirm your slot.,54317,1,0,1
Earn high income through our Machine Learning internship. Quick joining after payment.,35345,1,0,1
This Web Development internship is open for undergraduate students and does not require any payment.,8696,0,1,0
This Cloud Computing internship is open for undergraduate students and does not require any payment.,14429,0,1,0
Urgent Java internship offer. Pay registration fee to confirm your slot.,35782,1,0,1
We are offering a Cloud Computing internship for students with basic knowledge of Cloud Computing. No registration fee is required.,10789,0,1,0
"Digital Marketing internship opportunity with structured training, mentorship, and real-world projects.",5972,0,1,0
Limited seats available. Send money immediately to join Web Development internship.,45640,1,0,1
Join our Python internship program with flexible timings and official company communication.,8311,0,1,0
No interview required. High stipend guaranteed for Digital Marketing internship.,50115,1,0,1
We are offering a Python internship for students with basic knowledge of Python. No registration fee is required.,14670,0,1,0
We provide a certified Cyber Security internship with guidance from industry professionals.,13970,0,1,0
Join our Python internship program with flexible timings and official company communication.,7273,0,1,0
Join our Python internship program with flexible timings and official company communication.,11556,0,1,0
Congratulations! You are selected for Java internship. Pay fees to start.,33697,1,0,1
Join our Artificial Intelligence internship program with flexible timings and official company communication.,14620,0,1,0
This Digital Marketing internship is open for undergraduate students and does not require any payment.,9943,0,1,0
Earn high income through our Blockchain internship. Quick joining after payment.,28218,1,0,1
Congratulations! You are selected for Data Science internship. Pay fees to start.,42948,1,0,1
No interview required. High stipend guaranteed for Artificial Intelligence internship.,54931,1,0,1
Congratulations! You are selected for Blockchain internship. Pay fees to start.,48571,1,0,1
This Artificial Intelligence internship is open for undergraduate students and does not require any payment.,7446,0,1,0
Earn high income through our Machine Learning internship. Quick joining after payment.,27960,1,0,1
No interview required. High stipend guaranteed for Blockchain internship.,56519,1,0,1
Limited seats available. Send money immediately to join Blockchain internship.,36313,1,0,1
Urgent Artificial Intelligence internship offer. Pay registration fee to confirm your slot.,59769,1,0,1
Limited seats available. Send money immediately to join Machine Learning internship.,42869,1,0,1
We provide a certified Java internship with guidance from industry professionals.,13497,0,1,0
"Machine Learning internship opportunity with structured training, mentorship, and real-world projects.",12531,0,1,0
This Artificial Intelligence internship is open for undergraduate students and does not require any payment.,8205,0,1,0
Limited seats available. Send money immediately to join Blockchain internship.,58752,1,0,1
We are offering a Cloud Computing internship for students with basic knowledge of Cloud Computing. No registration fee is required.,14119,0,1,0
Limited seats available. Send money immediately to join Cloud Computing internship.,38722,1,0,1
We provide a certified Cyber Security internship with guidance from industry professionals.,9516,0,1,0
Limited seats available. Send money immediately to join Machine Learning internship.,52223,1,0,1
Urgent Blockchain internship offer. Pay registration fee to confirm your slot.,50414,1,0,1
"Artificial Intelligence internship opportunity with structured training, mentorship, and real-world projects.",10160,0,1,0
Join our Machine Learning internship program with flexible timings and official company communication.,6931,0,1,0
Join our Machine Learning internship program with flexible timings and official company communication.,5203,0,1,0
This Machine Learning internship is open for undergraduate students and does not require any payment.,13445,0,1,0
Earn high income through our Blockchain internship. Quick joining after payment.,40981,1,0,1
We are offering a Digital Marketing internship for students with basic knowledge of Digital Marketing. No registration fee is required.,6158,0,1,0
We provide a certified Cyber Security internship with guidance from industry professionals.,10742,0,1,0
Limited seats available. Send money immediately to join Data Science internship.,26506,1,0,1
Earn high income through our Cyber Security internship. Quick joining after payment.,30641,1,0,1
We provide a certified Python internship with guidance from industry professionals.,13639,0,1,0
Limited seats available. Send money immediately to join Cloud Computing internship.,41600,1,0,1
We are offering a Machine Learning internship for students with basic knowledge of Machine Learning. No registration fee is required.,11454,0,1,0
Congratulations! You are selected for Machine Learning internship. Pay fees to start.,50444,1,0,1
Urgent Artificial Intelligence internship offer. Pay registration fee to confirm your slot.,52355,1,0,1
Join our Web Development internship program with flexible timings and official company communication.,12823,0,1,0
Join our Machine Learning internship program with flexible timings and official company communication.,6680,0,1,0
This Java internship is open for undergraduate students and does not require any payment.,10286,0,1,0
"Java internship opportunity with structured training, mentorship, and real-world projects.",6717,0,1,0
We provide a certified Digital Marketing internship with guidance from industry professionals.,13825,0,1,0
Join our Blockchain internship program with flexible timings and official company communication.,12989,0,1,0
This Artificial Intelligence internship is open for undergraduate students and does not require any payment.,12988,0,1,0
We are offering a Machine Learning internship for students with basic knowledge of Machine Learning. No registration fee is required.,8567,0,1,0
We provide a certified Java internship with guidance from industry professionals.,12096,0,1,0
"Blockchain internship opportunity with structured training, mentorship, and real-world projects.",6912,0,1,0
This Java internship is open for undergraduate students and does not require any payment.,10736,0,1,0
Urgent Data Science internship offer. Pay registration fee to confirm your slot.,37584,1,0,1
We are offering a Cloud Computing internship for students with basic knowledge of Cloud Computing. No registration fee is required.,11873,0,1,0
No interview required. High stipend guaranteed for Web Development internship.,32229,1,0,1
We provide a certified Blockchain internship with guidance from industry professionals.,5904,0,1,0
We are offering a Digital Marketing internship for students with basic knowledge of Digital Marketing. No registration fee is required.,13360,0,1,0
Limited seats available. Send money immediately to join Artificial Intelligence internship.,56853,1,0,1
Urgent Cyber Security internship offer. Pay registration fee to confirm your slot.,59154,1,0,1
No interview required. High stipend guaranteed for Cyber Security internship.,29874,1,0,1
Earn high income through our Cyber Security internship. Quick joining after payment.,39294,1,0,1
Earn high income through our Data Science internship. Quick joining after payment.,45168,1,0,1
No interview required. High stipend guaranteed for Digital Marketing internship.,42017,1,0,1
Limited seats available. Send money immediately to join Artificial Intelligence internship.,51761,1,0,1
This Web Development internship is open for undergraduate students and does not require any payment.,9141,0,1,0
Urgent Artificial Intelligence internship offer. Pay registration fee to confirm your slot.,55034,1,0,1
No interview required. High stipend guaranteed for Data Science internship.,33985,1,0,1
Join our Python internship program with flexible timings and official company communication.,6826,0,1,0
Limited seats available. Send money immediately to join Blockchain internship.,28361,1,0,1
We provide a certified Python internship with guidance from industry professionals.,13084,0,1,0
"Machine Learning internship opportunity with structured training, mentorship, and real-world projects.",6955,0,1,0
Earn high income through our Digital Marketing internship. Quick joining after payment.,27791,1,0,1
Earn high income through our Cloud Computing internship. Quick joining after payment.,38166,1,0,1
Limited seats available. Send money immediately to join Data Science internship.,36209,1,0,1
No interview required. High stipend guaranteed for Artificial Intelligence internship.,35205,1,0,1
Join our Cloud Computing internship program with flexible timings and official company communication.,5593,0,1,0
This Python internship is open for undergraduate students and does not require any payment.,14320,0,1,0
Urgent Artificial Intelligence internship offer. Pay registration fee to confirm your slot.,45081,1,0,1
No interview required. High stipend guaranteed for Artificial Intelligence internship.,54285,1,0,1
Join our Data Science internship program with flexible timings and official company communication.,12488,0,1,0
Congratulations! You are selected for Machine Learning internship. Pay fees to start.,56051,1,0,1
Join our Digital Marketing internship program with flexible timings and official company communication.,11831,0,1,0
"Machine Learning internship opportunity with structured training, mentorship, and real-world projects.",11015,0,1,0
We are offering a Digital Marketing internship for students with basic knowledge of Digital Marketing. No registration fee is required.,13484,0,1,0
We provide a certified Artificial Intelligence internship with guidance from industry professionals.,7568,0,1,0
Limited seats available. Send money immediately to join Web Development internship.,57978,1,0,1
This Web Development internship is open for undergraduate students and does not require any payment.,10407,0,1,0
"Digital Marketing internship opportunity with structured training, mentorship, and real-world projects.",5043,0,1,0
Join our Web Development internship program with flexible timings and official company communication.,5824,0,1,0
Urgent Digital Marketing internship offer. Pay registration fee to confirm your slot.,40603,1,0,1
We are offering a Java internship for students with basic knowledge of Java. No registration fee is required.,8656,0,1,0
We are offering a Data Science internship for students with basic knowledge of Data Science. No registration fee is required.,12038,0,1,0
We provide a certified Digital Marketing internship with guidance from industry professionals.,10328,0,1,0
Urgent Python internship offer. Pay registration fee to confirm your slot.,48438,1,0,1
We provide a certified Cloud Computing internship with guidance from industry professionals.,14111,0,1,0
No interview required. High stipend guaranteed for Artificial Intelligence internship.,43413,1,0,1
Limited seats available. Send money immediately to join Data Science internship.,45068,1,0,1
"Web Development internship opportunity with structured training, mentorship, and real-world projects.",9779,0,1,0
Join our Artificial Intelligence internship program with flexible timings and official company communication.,7139,0,1,0
Urgent Web Development internship offer. Pay registration fee to confirm your slot.,55849,1,0,1
Earn high income through our Cloud Computing internship. Quick joining after payment.,43671,1,0,1
We are offering a Digital Marketing internship for students with basic knowledge of Digital Marketing. No registration fee is required.,5090,0,1,0
We provide a certified Cloud Computing internship with guidance from industry professionals.,5485,0,1,0
We are offering a Blockchain internship for students with basic knowledge of Blockchain. No registration fee is required.,14041,0,1,0
Join our Cyber Security internship program with flexible timings and official company communication.,10128,0,1,0
We provide a certified Digital Marketing internship with guidance from industry professionals.,6136,0,1,0
Congratulations! You are selected for Web Development internship. Pay fees to start.,40159,1,0,1
Urgent Java internship offer. Pay registration fee to confirm your slot.,31153,1,0,1
No interview required. High stipend guaranteed for Blockchain internship.,42579,1,0,1
This Machine Learning internship is open for undergraduate students and does not require any payment.,13726,0,1,0
This Digital Marketing internship is open for undergraduate students and does not require any payment.,11663,0,1,0
Urgent Cyber Security internship offer. Pay registration fee to confirm your slot.,50673,1,0,1
We provide a certified Artificial Intelligence internship with guidance from industry professionals.,6794,0,1,0
Urgent Cyber Security internship offer. Pay registration fee to confirm your slot.,53166,1,0,1
Earn high income through our Cloud Computing internship. Quick joining after payment.,57546,1,0,1
We are offering a Artificial Intelligence internship for students with basic knowledge of Artificial Intelligence. No registration fee is required.,6871,0,1,0
No interview required. High stipend guaranteed for Python internship.,27414,1,0,1
Congratulations! You are selected for Java internship. Pay fees to start.,26449,1,0,1
"Machine Learning internship opportunity with structured training, mentorship, and real-world projects.",12005,0,1,0
Urgent Cloud Computing internship offer. Pay registration fee to confirm your slot.,27273,1,0,1
We provide a certified Artificial Intelligence internship with guidance from industry professionals.,12519,0,1,0
"Data Science internship opportunity with structured training, mentorship, and real-world projects.",9384,0,1,0
No interview required. High stipend guaranteed for Digital Marketing internship.,56914,1,0,1
"Machine Learning internship opportunity with structured training, mentorship, and real-world projects.",7427,0,1,0
No interview required. High stipend guaranteed for Artificial Intelligence internship.,52619,1,0,1
We provide a certified Blockchain internship with guidance from industry professionals.,13504,0,1,0
Urgent Digital Marketing internship offer. Pay registration fee to confirm your slot.,37306,1,0,1
Urgent Java internship offer. Pay registration fee to confirm your slot.,50450,1,0,1
"Cyber Security internship opportunity with structured training, mentorship, and real-world projects.",7133,0,1,0
Urgent Blockchain internship offer. Pay registration fee to confirm your slot.,48624,1,0,1
Congratulations! You are selected for Artificial Intelligence internship. Pay fees to start.,31190,1,0,1
Limited seats available. Send money immediately to join Data Science internship.,31178,1,0,1
Urgent Blockchain internship offer. Pay registration fee to confirm your slot.,44521,1,0,1
This Cloud Computing internship is open for undergraduate students and does not require any payment.,6089,0,1,0
We are offering a Cloud Computing internship for students with basic knowledge of Cloud Computing. No registration fee is required.,14686,0,1,0
We provide a certified Blockchain internship with guidance from industry professionals.,7265,0,1,0
"Machine Learning internship opportunity with structured training, mentorship, and real-world projects.",6768,0,1,0
Limited seats available. Send money immediately to join Blockchain internship.,47130,1,0,1
"Digital Marketing internship opportunity with structured training, mentorship, and real-world projects.",9663,0,1,0
Limited seats available. Send money immediately to join Blockchain internship.,34369,1,0,1
Urgent Data Science internship offer. Pay registration fee to confirm your slot.,36101,1,0,1
Join our Machine Learning internship program with flexible timings and official company communication.,14197,0,1,0
We are offering a Artificial Intelligence internship for students with basic knowledge of Artificial Intelligence. No registration fee is required.,8046,0,1,0
Congratulations! You are selected for Python internship. Pay fees to start.,35863,1,0,1
Urgent Web Development internship offer. Pay registration fee to confirm your slot.,51009,1,0,1
Join our Artificial Intelligence internship program with flexible timings and official company communication.,8319,0,1,0
This Cloud Computing internship is open for undergraduate students and does not require any payment.,6070,0,1,0
We are offering a Cloud Computing internship for students with basic knowledge of Cloud Computing. No registration fee is required.,5132,0,1,0
Join our Web Development internship program with flexible timings and official company communication.,9669,0,1,0
We are offering a Digital Marketing internship for students with basic knowledge of Digital Marketing. No registration fee is required.,6173,0,1,0
Earn high income through our Machine Learning internship. Quick joining after payment.,52743,1,0,1
Join our Artificial Intelligence internship program with flexible timings and official company communication.,5092,0,1,0
We are offering a Data Science internship for students with basic knowledge of Data Science. No registration fee is required.,12268,0,1,0
Join our Data Science internship program with flexible timings and official company communication.,9130,0,1,0
Congratulations! You are selected for Web Development internship. Pay fees to start.,35760,1,0,1
We provide a certified Web Development internship with guidance from industry professionals.,7477,0,1,0
We are offering a Cyber Security internship for students with basic knowledge of Cyber Security. No registration fee is required.,7668,0,1,0
This Data Science internship is open for undergraduate students and does not require any payment.,10687,0,1,0
Join our Web Development internship program with flexible timings and official company communication.,7810,0,1,0
No interview required. High stipend guaranteed for Data Science internship.,52603,1,0,1
"Cyber Security internship opportunity with structured training, mentorship, and real-world projects.",13459,0,1,0
We provide a certified Python internship with guidance from industry professionals.,12755,0,1,0
Congratulations! You are selected for Artificial Intelligence internship. Pay fees to start.,54894,1,0,1
Join our Digital Marketing internship program with flexible timings and official company communication.,9798,0,1,0
We provide a certified Digital Marketing internship with guidance from industry professionals.,7795,0,1,0
Limited seats available. Send money immediately to join Blockchain internship.,25522,1,0,1
Earn high income through our Blockchain internship. Quick joining after payment.,29544,1,0,1
Earn high income through our Web Development internship. Quick joining after payment.,39500,1,0,1
Limited seats available. Send money immediately to join Digital Marketing internship.,41991,1,0,1
Limited seats available. Send money immediately to join Blockchain internship.,27073,1,0,1
We are offering a Java internship for students with basic knowledge of Java. No registration fee is required.,5590,0,1,0
We provide a certified Blockchain internship with guidance from industry professionals.,14216,0,1,0
We are offering a Web Development internship for students with basic knowledge of Web Development. No registration fee is required.,5776,0,1,0
We are offering a Digital Marketing internship for students with basic knowledge of Digital Marketing. No registration fee is required.,7273,0,1,0
We provide a certified Java internship with guidance from industry professionals.,8954,0,1,0
"Cyber Security internship opportunity with structured training, mentorship, and real-world projects.",8752,0,1,0
Join our Digital Marketing internship program with flexible timings and official company communication.,8594,0,1,0
"Machine Learning internship opportunity with structured training, mentorship, and real-world projects.",5938,0,1,0
We provide a certified Digital Marketing internship with guidance from industry professionals.,10662,0,1,0
We provide a certified Machine Learning internship with guidance from industry professionals.,5447,0,1,0
Join our Machine Learning internship program with flexible timings and official company communication.,5645,0,1,0
Earn high income through our Blockchain internship. Quick joining after payment.,30654,1,0,1
We are offering a Web Development internship for students with basic knowledge of Web Development. No registration fee is required.,10315,0,1,0
Earn high income through our Blockchain internship. Quick joining after payment.,38365,1,0,1
Urgent Artificial Intelligence internship offer. Pay registration fee to confirm your slot.,47654,1,0,1
This Artificial Intelligence internship is open for undergraduate students and does not require any payment.,6327,0,1,0
Earn high income through our Machine Learning internship. Quick joining after payment.,42689,1,0,1
Limited seats available. Send money immediately to join Digital Marketing internship.,38140,1,0,1
"Blockchain internship opportunity with structured training, mentorship, and real-world projects.",12520,0,1,0
We are offering a Blockchain internship for students with basic knowledge of Blockchain. No registration fee is required.,7500,0,1,0
Earn high income through our Cyber Security internship. Quick joining after payment.,59391,1,0,1
We provide a certified Python internship with guidance from industry professionals.,7644,0,1,0
Limited seats available. Send money immediately to join Artificial Intelligence internship.,42705,1,0,1
Urgent Cyber Security internship offer. Pay registration fee to confirm your slot.,30805,1,0,1
We are offering a Web Development internship for students with basic knowledge of Web Development. No registration fee is required.,13507,0,1,0
Urgent Web Development internship offer. Pay registration fee to confirm your slot.,34153,1,0,1
We are offering a Cloud Computing internship for students with basic knowledge of Cloud Computing. No registration fee is required.,8582,0,1,0
Congratulations! You are selected for Blockchain internship. Pay fees to start.,59812,1,0,1
Earn high income through our Digital Marketing internship. Quick joining after payment.,52558,1,0,1
This Web Development internship is open for undergraduate students and does not require any payment.,7005,0,1,0
Limited seats available. Send money immediately to join Cloud Computing internship.,47413,1,0,1
We provide a certified Blockchain internship with guidance from industry professionals.,10006,0,1,0
We are offering a Python internship for students with basic knowledge of Python. No registration fee is required.,5780,0,1,0
No interview required. High stipend guaranteed for Cloud Computing internship.,33640,1,0,1
We provide a certified Web Development internship with guidance from industry professionals.,13105,0,1,0
Congratulations! You are selected for Artificial Intelligence internship. Pay fees to start.,52225,1,0,1
This Java internship is open for undergraduate students and does not require any payment.,8693,0,1,0
Earn high income through our Data Science internship. Quick joining after payment.,43126,1,0,1
No interview required. High stipend guaranteed for Web Development internship.,43849,1,0,1
"Machine Learning internship opportunity with structured training, mentorship, and real-world projects.",8390,0,1,0
We are offering a Python internship for students with basic knowledge of Python. No registration fee is required.,7504,0,1,0
Join our Blockchain internship program with flexible timings and official company communication.,9282,0,1,0
No interview required. High stipend guaranteed for Artificial Intelligence internship.,35335,1,0,1
Join our Data Science internship program with flexible timings and official company communication.,13310,0,1,0
Earn high income through our Cloud Computing internship. Quick joining after payment.,56126,1,0,1
Congratulations! You are selected for Data Science internship. Pay fees to start.,58234,1,0,1
Earn high income through our Web Development internship. Quick joining after payment.,42703,1,0,1
Congratulations! You are selected for Digital Marketing internship. Pay fees to start.,36352,1,0,1
We provide a certified Cyber Security internship with guidance from industry professionals.,8396,0,1,0
Urgent Data Science internship offer. Pay registration fee to confirm your slot.,36065,1,0,1
Urgent Python internship offer. Pay registration fee to confirm your slot.,40115,1,0,1
Join our Data Science internship program with flexible timings and official company communication.,6794,0,1,0
We are offering a Blockchain internship for students with basic knowledge of Blockchain. No registration fee is required.,6383,0,1,0
Urgent Java internship offer. Pay registration fee to confirm your slot.,52642,1,0,1
No interview required. High stipend guaranteed for Blockchain internship.,44226,1,0,1
Earn high income through our Blockchain internship. Quick joining after payment.,43522,1,0,1
Limited seats available. Send money immediately to join Data Science internship.,54750,1,0,1
We are offering a Java internship for students with basic knowledge of Java. No registration fee is required.,5726,0,1,0
This Java internship is open for undergraduate students and does not require any payment.,12757,0,1,0
Limited seats available. Send money immediately to join Blockchain internship.,28235,1,0,1
Join our Machine Learning internship program with flexible timings and official company communication.,8831,0,1,0
This Python internship is open for undergraduate students and does not require any payment.,9035,0,1,0
Urgent Web Development internship offer. Pay registration fee to confirm your slot.,55341,1,0,1
This Cloud Computing internship is open for undergraduate students and does not require any payment.,7928,0,1,0
Earn high income through our Cloud Computing internship. Quick joining after payment.,49601,1,0,1
Congratulations! You are selected for Python internship. Pay fees to start.,30215,1,0,1
We provide a certified Machine Learning internship with guidance from industry professionals.,14266,0,1,0
We provide a certified Blockchain internship with guidance from industry professionals.,7672,0,1,0
Urgent Digital Marketing internship offer. Pay registration fee to confirm your slot.,35807,1,0,1
This Python internship is open for undergraduate students and does not require any payment.,11781,0,1,0
No interview required. High stipend guaranteed for Web Development internship.,40352,1,0,1
We provide a certified Data Science internship with guidance from industry professionals.,6695,0,1,0
This Python internship is open for undergraduate students and does not require any payment.,5282,0,1,0
Congratulations! You are selected for Data Science internship. Pay fees to start.,32744,1,0,1
Limited seats available. Send money immediately to join Web Development internship.,37647,1,0,1
Join our Web Development internship program with flexible timings and official company communication.,6551,0,1,0
Earn high income through our Cyber Security internship. Quick joining after payment.,35878,1,0,1
Join our Java internship program with flexible timings and official company communication.,9384,0,1,0
This Data Science internship is open for undergraduate students and does not require any payment.,5622,0,1,0
Limited seats available. Send money immediately to join Machine Learning internship.,59348,1,0,1
This Artificial Intelligence internship is open for undergraduate students and does not require any payment.,11204,0,1,0
Urgent Digital Marketing internship offer. Pay registration fee to confirm your slot.,47897,1,0,1
Urgent Digital Marketing internship offer. Pay registration fee to confirm your slot.,54442,1,0,1
Urgent Python internship offer. Pay registration fee to confirm your slot.,42407,1,0,1
Urgent Cloud Computing internship offer. Pay registration fee to confirm your slot.,43027,1,0,1
We are offering a Cyber Security internship for students with basic knowledge of Cyber Security. No registration fee is required.,6769,0,1,0
We are offering a Web Development internship for students with basic knowledge of Web Development. No registration fee is required.,14722,0,1,0
This Artificial Intelligence internship is open for undergraduate students and does not require any payment.,14999,0,1,0
Urgent Cloud Computing internship offer. Pay registration fee to confirm your slot.,49733,1,0,1
Limited seats available. Send money immediately to join Digital Marketing internship.,28137,1,0,1
Earn high income through our Cyber Security internship. Quick joining after payment.,46222,1,0,1
Limited seats available. Send money immediately to join Java internship.,36183,1,0,1
We provide a certified Blockchain internship with guidance from industry professionals.,9189,0,1,0
"Machine Learning internship opportunity with structured training, mentorship, and real-world projects.",9071,0,1,0
We provide a certified Web Development internship with guidance from industry professionals.,6096,0,1,0
Earn high income through our Digital Marketing internship. Quick joining after payment.,38276,1,0,1
Limited seats available. Send money immediately to join Artificial Intelligence internship.,25022,1,0,1
Join our Artificial Intelligence internship program with flexible timings and official company communication.,8941,0,1,0
We are offering a Blockchain internship for students with basic knowledge of Blockchain. No registration fee is required.,13071,0,1,0
We provide a certified Data Science internship with guidance from industry professionals.,5139,0,1,0
"Artificial Intelligence internship opportunity with structured training, mentorship, and real-world projects.",10226,0,1,0
This Machine Learning internship is open for undergraduate students and does not require any payment.,5945,0,1,0
Urgent Blockchain internship offer. Pay registration fee to confirm your slot.,49917,1,0,1
Limited seats available. Send money immediately to join Java internship.,47992,1,0,1
Urgent Cyber Security internship offer. Pay registration fee to confirm your slot.,51823,1,0,1
We provide a certified Cloud Computing internship with guidance from industry professionals.,10218,0,1,0
Congratulations! You are selected for Web Development internship. Pay fees to start.,41041,1,0,1
Earn high income through our Web Development internship. Quick joining after payment.,52216,1,0,1
Urgent Blockchain internship offer. Pay registration fee to confirm your slot.,28584,1,0,1
"Cloud Computing internship opportunity with structured training, mentorship, and real-world projects.",7804,0,1,0
We provide a certified Java internship with guidance from industry professionals.,13965,0,1,0
Urgent Data Science internship offer. Pay registration fee to confirm your slot.,33930,1,0,1
Join our Cyber Security internship program with flexible timings and official company communication.,11423,0,1,0
Congratulations! You are selected for Digital Marketing internship. Pay fees to start.,39613,1,0,1
Limited seats available. Send money immediately to join Blockchain internship.,56487,1,0,1
Earn high income through our Data Science internship. Quick joining after payment.,33796,1,0,1
Congratulations! You are selected for Artificial Intelligence internship. Pay fees to start.,51291,1,0,1
